STRUCT,Info,3,,,,,,,,,,,,,,,,,,,,,,,,,,,,,,,,,,,,,,,,,,,,,,,,,,,,,,,,,,,
CPU name:,Intel(R) Xeon(R) Gold 6467C,,,,,,,,,,,,,,,,,,,,,,,,,,,,,,,,,,,,,,,,,,,,,,,,,,,,,,,,,,,,
CPU type:,Intel SapphireRapids processor,,,,,,,,,,,,,,,,,,,,,,,,,,,,,,,,,,,,,,,,,,,,,,,,,,,,,,,,,,,,
CPU clock:,3.399971623 GHz,,,,,,,,,,,,,,,,,,,,,,,,,,,,,,,,,,,,,,,,,,,,,,,,,,,,,,,,,,,,
TABLE,Region calc,Group 1 Raw,CACHES,32,,,,,,,,,,,,,,,,,,,,,,,,,,,,,,,,,,,,,,,,,,,,,,,,,,,,,,,,,
Region Info,HWThread 0,HWThread 1,HWThread 2,HWThread 3,HWThread 4,HWThread 5,HWThread 6,HWThread 7,HWThread 8,HWThread 9,HWThread 10,HWThread 11,HWThread 12,HWThread 13,HWThread 14,HWThread 15,HWThread 16,HWThread 17,HWThread 18,HWThread 19,HWThread 20,HWThread 21,HWThread 22,HWThread 23,HWThread 24,HWThread 25,HWThread 26,HWThread 27,HWThread 28,HWThread 29,HWThread 30,HWThread 31,HWThread 32,HWThread 33,HWThread 34,HWThread 35,HWThread 36,HWThread 37,HWThread 38,HWThread 39,HWThread 40,HWThread 41,HWThread 42,HWThread 43,HWThread 44,HWThread 45,HWThread 46,HWThread 47,HWThread 48,HWThread 49,HWThread 50,HWThread 51,HWThread 52,HWThread 53,HWThread 54,HWThread 55,HWThread 56,HWThread 57,HWThread 58,HWThread 59,
RDTSC Runtime [s],50.234580,50.234740,50.234870,50.234470,50.234460,50.234480,50.234650,50.234700,50.234750,50.234730,50.234730,50.234650,50.234070,50.234090,50.234090,50.234170,50.234200,50.234430,50.234710,50.234730,50.234660,50.234850,50.234720,50.234740,50.234710,50.234710,50.234710,50.233960,50.234010,50.233900,50.233400,50.233590,50.233580,50.233460,50.233480,50.233490,50.233650,50.233670,50.233670,50.233670,50.233680,50.233720,50.234170,50.234070,50.234160,50.233450,50.233470,50.233480,50.233470,50.233480,50.233460,50.233810,50.233770,50.233880,50.233910,50.234100,50.233920,50.233660,50.233780,50.233660,
call count,1,1,1,1,1,1,1,1,1,1,1,1,1,1,1,1,1,1,1,1,1,1,1,1,1,1,1,1,1,1,1,1,1,1,1,1,1,1,1,1,1,1,1,1,1,1,1,1,1,1,1,1,1,1,1,1,1,1,1,1,
Event,Counter,HWThread 0,HWThread 1,HWThread 2,HWThread 3,HWThread 4,HWThread 5,HWThread 6,HWThread 7,HWThread 8,HWThread 9,HWThread 10,HWThread 11,HWThread 12,HWThread 13,HWThread 14,HWThread 15,HWThread 16,HWThread 17,HWThread 18,HWThread 19,HWThread 20,HWThread 21,HWThread 22,HWThread 23,HWThread 24,HWThread 25,HWThread 26,HWThread 27,HWThread 28,HWThread 29,HWThread 30,HWThread 31,HWThread 32,HWThread 33,HWThread 34,HWThread 35,HWThread 36,HWThread 37,HWThread 38,HWThread 39,HWThread 40,HWThread 41,HWThread 42,HWThread 43,HWThread 44,HWThread 45,HWThread 46,HWThread 47,HWThread 48,HWThread 49,HWThread 50,HWThread 51,HWThread 52,HWThread 53,HWThread 54,HWThread 55,HWThread 56,HWThread 57,HWThread 58,HWThread 59
INSTR_RETIRED_ANY,FIXC0,125521500000,137781400000,157172300000,135930500000,135560200000,136174400000,136057300000,135942100000,136500000000,136440800000,136043700000,136599100000,136112800000,135998900000,136502500000,135973300000,135524100000,136110500000,136509500000,135594500000,136286300000,137040900000,135715100000,136293900000,135973900000,135862200000,136518400000,135798900000,135542700000,136066200000,125808400000,137240300000,158105700000,136331200000,135733300000,136374300000,136377000000,135647900000,136031700000,136211900000,136084300000,136657900000,141696900000,136685100000,140822300000,137521900000,136996500000,136512700000,138551800000,136136400000,138698000000,136150600000,136209300000,136741100000,136247700000,136062600000,136730700000,136030600000,135202700000,135896800000
CPU_CLK_UNHALTED_CORE,FIXC1,175723500000,175406100000,175343000000,175879600000,175444900000,175475600000,175871600000,175779200000,175833800000,175913700000,175824100000,175796000000,175903000000,175881400000,175884600000,175890800000,175507700000,175480200000,175902500000,175316300000,175382100000,175889300000,175245800000,175737300000,175909400000,175879800000,175853500000,175900500000,175770600000,175782000000,176063200000,175927900000,176011000000,176140400000,175591200000,175696900000,176114900000,175548900000,175272200000,176117900000,176014900000,175993800000,176076200000,174991000000,175701500000,176048000000,175810200000,175700700000,176119100000,175590600000,176011200000,176019300000,175352600000,175407400000,176129700000,176044300000,176043700000,176118600000,175384800000,175432500000
CPU_CLK_UNHALTED_REF,FIXC2,170277900000,170015800000,169957200000,170417800000,170040700000,170058200000,170425700000,170351300000,170342500000,170428300000,170356000000,170351900000,170421700000,170400100000,170395500000,170423100000,170089900000,170090800000,170413900000,169896500000,169946900000,170431500000,170297600000,170274900000,170431100000,170399800000,170405000000,170410700000,170302900000,170298200000,170359100000,170244100000,170319500000,170413400000,169940000000,170027700000,170409400000,169903300000,169686700000,170425300000,170331900000,170339300000,170374000000,169345500000,170019800000,170417100000,170185900000,170007800000,170417600000,169912100000,170305400000,170293500000,169773200000,169756900000,170416900000,170351500000,170337400000,170402100000,169782900000,169787700000
TOPDOWN_SLOTS,FIXC3,1054341000000,1052437000000,1052058000000,1055278000000,1052669000000,1052854000000,1055230000000,1054675000000,1055003000000,1055482000000,1054944000000,1054776000000,1055418000000,1055288000000,1055308000000,1055345000000,1053046000000,1052881000000,1055415000000,1051898000000,1052293000000,1055336000000,1051475000000,1054424000000,1055456000000,1055279000000,1055121000000,1055403000000,1054624000000,1054692000000,1056379000000,1055568000000,1056066000000,1056842000000,1053547000000,1054182000000,1056689000000,1053294000000,1051633000000,1056707000000,1056089000000,1055963000000,1056457000000,1049946000000,1054209000000,1056288000000,1054861000000,1054204000000,1056714000000,1053544000000,1056067000000,1056116000000,1052116000000,1052445000000,1056778000000,1056266000000,1056262000000,1056712000000,1052309000000,1052595000000
L1D_REPLACEMENT,PMC0,33437330000,27061130000,26980270000,29062690000,29048510000,28979130000,29008400000,28999000000,28924320000,29030750000,29055380000,28948360000,28988200000,28989760000,28893040000,29013260000,29003940000,28901430000,29005490000,28951690000,28902520000,29079230000,28937980000,28866340000,29114780000,28980440000,28907960000,28866880000,28846830000,28771070000,33418240000,27059010000,27021320000,29033420000,29024300000,28953200000,28970970000,28949640000,28770530000,29105480000,29072240000,28991160000,28806510000,28811630000,28703400000,28966350000,28922290000,28878250000,28966900000,28947600000,28842030000,28962340000,28918260000,28853610000,29063190000,29038070000,28925490000,28925330000,28891520000,28791400000
L2_LINES_IN_ALL,PMC1,2277569000,2844831000,2888200000,2638255000,2677932000,2658912000,2633047000,2670807000,2653812000,2632412000,2666715000,2649688000,2630907000,2666393000,2646938000,2638613000,2666083000,2652967000,2630599000,2662522000,2648156000,2635555000,2654849000,2653421000,2627004000,2661958000,2659921000,2624345000,2646643000,2631191000,2276850000,2843988000,2888014000,2631583000,2658591000,2654709000,2640232000,2676335000,2640600000,2634237000,2675714000,2659773000,2620043000,2656844000,2636554000,2628580000,2663610000,2645562000,2629537000,2665703000,2648062000,2628725000,2650973000,2642154000,2635509000,2660905000,2660336000,2629861000,2652717000,2635610000
L2_LINES_OUT_SILENT,PMC2,1543491000,2389728000,813027100,533568300,627048700,496804900,527993700,623076500,498749000,494205600,582813300,473744300,508289100,590690500,480773900,511680600,603878100,506942100,489200000,584655700,476211600,486155300,605425100,517993300,482951200,617270000,482089100,492273400,568938400,492342400,1541982000,2392056000,814402600,470100500,588245100,479924100,562045100,567376500,494547700,502346100,606341700,469418700,521686100,602852000,491065700,502960700,592554700,485681800,513674800,593486900,483936700,480963700,579082000,492855100,475006300,601259000,491855300,500533400,569994100,496375900
L2_LINES_OUT_NON_SILENT,PMC3,734018900,455065100,2075129000,2104603000,2050846000,2162078000,2104953000,2047655000,2155000000,2138113000,2083834000,2175886000,2122516000,2075625000,2166097000,2126841000,2062157000,2145987000,2141297000,2077810000,2171903000,2149310000,2049353000,2135364000,2143958000,2044618000,2177771000,2131954000,2077615000,2138771000,734791200,451854900,2073536000,2161379000,2070295000,2174739000,2078077000,2108901000,2145985000,2131805000,2069315000,2190306000,2098262000,2053739000,2145391000,2125519000,2070986000,2159777000,2115765000,2072073000,2164063000,2147625000,2071823000,2149256000,2160405000,2059576000,2168420000,2129218000,2082673000,2139193000
CAS_COUNT_RD,MBOX0C0,4602369000,0,0,0,0,0,0,0,0,0,0,0,0,0,0,0,0,0,0,0,0,0,0,0,0,0,0,0,0,0,4606880000,0,0,0,0,0,0,0,0,0,0,0,0,0,0,0,0,0,0,0,0,0,0,0,0,0,0,0,0,0
CAS_COUNT_WR,MBOX0C1,5656321000,0,0,0,0,0,0,0,0,0,0,0,0,0,0,0,0,0,0,0,0,0,0,0,0,0,0,0,0,0,5655673000,0,0,0,0,0,0,0,0,0,0,0,0,0,0,0,0,0,0,0,0,0,0,0,0,0,0,0,0,0
CAS_COUNT_RD,MBOX1C0,4601589000,0,0,0,0,0,0,0,0,0,0,0,0,0,0,0,0,0,0,0,0,0,0,0,0,0,0,0,0,0,4604969000,0,0,0,0,0,0,0,0,0,0,0,0,0,0,0,0,0,0,0,0,0,0,0,0,0,0,0,0,0
CAS_COUNT_WR,MBOX1C1,5656313000,0,0,0,0,0,0,0,0,0,0,0,0,0,0,0,0,0,0,0,0,0,0,0,0,0,0,0,0,0,5657250000,0,0,0,0,0,0,0,0,0,0,0,0,0,0,0,0,0,0,0,0,0,0,0,0,0,0,0,0,0
CAS_COUNT_RD,MBOX2C0,4602837000,0,0,0,0,0,0,0,0,0,0,0,0,0,0,0,0,0,0,0,0,0,0,0,0,0,0,0,0,0,4602623000,0,0,0,0,0,0,0,0,0,0,0,0,0,0,0,0,0,0,0,0,0,0,0,0,0,0,0,0,0
CAS_COUNT_WR,MBOX2C1,5655860000,0,0,0,0,0,0,0,0,0,0,0,0,0,0,0,0,0,0,0,0,0,0,0,0,0,0,0,0,0,5654377000,0,0,0,0,0,0,0,0,0,0,0,0,0,0,0,0,0,0,0,0,0,0,0,0,0,0,0,0,0
CAS_COUNT_RD,MBOX3C0,4601778000,0,0,0,0,0,0,0,0,0,0,0,0,0,0,0,0,0,0,0,0,0,0,0,0,0,0,0,0,0,4605025000,0,0,0,0,0,0,0,0,0,0,0,0,0,0,0,0,0,0,0,0,0,0,0,0,0,0,0,0,0
CAS_COUNT_WR,MBOX3C1,5656103000,0,0,0,0,0,0,0,0,0,0,0,0,0,0,0,0,0,0,0,0,0,0,0,0,0,0,0,0,0,5654965000,0,0,0,0,0,0,0,0,0,0,0,0,0,0,0,0,0,0,0,0,0,0,0,0,0,0,0,0,0
CAS_COUNT_RD,MBOX4C0,4604649000,0,0,0,0,0,0,0,0,0,0,0,0,0,0,0,0,0,0,0,0,0,0,0,0,0,0,0,0,0,4605804000,0,0,0,0,0,0,0,0,0,0,0,0,0,0,0,0,0,0,0,0,0,0,0,0,0,0,0,0,0
CAS_COUNT_WR,MBOX4C1,5658166000,0,0,0,0,0,0,0,0,0,0,0,0,0,0,0,0,0,0,0,0,0,0,0,0,0,0,0,0,0,5656656000,0,0,0,0,0,0,0,0,0,0,0,0,0,0,0,0,0,0,0,0,0,0,0,0,0,0,0,0,0
CAS_COUNT_RD,MBOX5C0,4605049000,0,0,0,0,0,0,0,0,0,0,0,0,0,0,0,0,0,0,0,0,0,0,0,0,0,0,0,0,0,4607491000,0,0,0,0,0,0,0,0,0,0,0,0,0,0,0,0,0,0,0,0,0,0,0,0,0,0,0,0,0
CAS_COUNT_WR,MBOX5C1,5656732000,0,0,0,0,0,0,0,0,0,0,0,0,0,0,0,0,0,0,0,0,0,0,0,0,0,0,0,0,0,5658042000,0,0,0,0,0,0,0,0,0,0,0,0,0,0,0,0,0,0,0,0,0,0,0,0,0,0,0,0,0
CAS_COUNT_RD,MBOX6C0,4603901000,0,0,0,0,0,0,0,0,0,0,0,0,0,0,0,0,0,0,0,0,0,0,0,0,0,0,0,0,0,4607526000,0,0,0,0,0,0,0,0,0,0,0,0,0,0,0,0,0,0,0,0,0,0,0,0,0,0,0,0,0
CAS_COUNT_WR,MBOX6C1,5658822000,0,0,0,0,0,0,0,0,0,0,0,0,0,0,0,0,0,0,0,0,0,0,0,0,0,0,0,0,0,5656009000,0,0,0,0,0,0,0,0,0,0,0,0,0,0,0,0,0,0,0,0,0,0,0,0,0,0,0,0,0
CAS_COUNT_RD,MBOX7C0,4604740000,0,0,0,0,0,0,0,0,0,0,0,0,0,0,0,0,0,0,0,0,0,0,0,0,0,0,0,0,0,4606892000,0,0,0,0,0,0,0,0,0,0,0,0,0,0,0,0,0,0,0,0,0,0,0,0,0,0,0,0,0
CAS_COUNT_WR,MBOX7C1,5657939000,0,0,0,0,0,0,0,0,0,0,0,0,0,0,0,0,0,0,0,0,0,0,0,0,0,0,0,0,0,5655421000,0,0,0,0,0,0,0,0,0,0,0,0,0,0,0,0,0,0,0,0,0,0,0,0,0,0,0,0,0
CAS_COUNT_RD,MBOX8C0,-,-,-,-,-,-,-,-,-,-,-,-,-,-,-,-,-,-,-,-,-,-,-,-,-,-,-,-,-,-,-,-,-,-,-,-,-,-,-,-,-,-,-,-,-,-,-,-,-,-,-,-,-,-,-,-,-,-,-,-
CAS_COUNT_WR,MBOX8C1,-,-,-,-,-,-,-,-,-,-,-,-,-,-,-,-,-,-,-,-,-,-,-,-,-,-,-,-,-,-,-,-,-,-,-,-,-,-,-,-,-,-,-,-,-,-,-,-,-,-,-,-,-,-,-,-,-,-,-,-
CAS_COUNT_RD,MBOX9C0,-,-,-,-,-,-,-,-,-,-,-,-,-,-,-,-,-,-,-,-,-,-,-,-,-,-,-,-,-,-,-,-,-,-,-,-,-,-,-,-,-,-,-,-,-,-,-,-,-,-,-,-,-,-,-,-,-,-,-,-
CAS_COUNT_WR,MBOX9C1,-,-,-,-,-,-,-,-,-,-,-,-,-,-,-,-,-,-,-,-,-,-,-,-,-,-,-,-,-,-,-,-,-,-,-,-,-,-,-,-,-,-,-,-,-,-,-,-,-,-,-,-,-,-,-,-,-,-,-,-
CAS_COUNT_RD,MBOX10C0,-,-,-,-,-,-,-,-,-,-,-,-,-,-,-,-,-,-,-,-,-,-,-,-,-,-,-,-,-,-,-,-,-,-,-,-,-,-,-,-,-,-,-,-,-,-,-,-,-,-,-,-,-,-,-,-,-,-,-,-
CAS_COUNT_WR,MBOX10C1,-,-,-,-,-,-,-,-,-,-,-,-,-,-,-,-,-,-,-,-,-,-,-,-,-,-,-,-,-,-,-,-,-,-,-,-,-,-,-,-,-,-,-,-,-,-,-,-,-,-,-,-,-,-,-,-,-,-,-,-
CAS_COUNT_RD,MBOX11C0,-,-,-,-,-,-,-,-,-,-,-,-,-,-,-,-,-,-,-,-,-,-,-,-,-,-,-,-,-,-,-,-,-,-,-,-,-,-,-,-,-,-,-,-,-,-,-,-,-,-,-,-,-,-,-,-,-,-,-,-
CAS_COUNT_WR,MBOX11C1,-,-,-,-,-,-,-,-,-,-,-,-,-,-,-,-,-,-,-,-,-,-,-,-,-,-,-,-,-,-,-,-,-,-,-,-,-,-,-,-,-,-,-,-,-,-,-,-,-,-,-,-,-,-,-,-,-,-,-,-
TABLE,Region calc,Group 1 Raw STAT,CACHES,32,,,,,,,,,,,,,,,,,,,,,,,,,,,,,,,,,,,,,,,,,,,,,,,,,,,,,,,,,
Event,Counter,Sum,Min,Max,Avg,,,,,,,,,,,,,,,,,,,,,,,,,,,,,,,,,,,,,,,,,,,,,,,,,,,,,,,,
INSTR_RETIRED_ANY STAT,FIXC0,8210645500000,125521500000,158105700000,1.368441e+11,,,,,,,,,,,,,,,,,,,,,,,,,,,,,,,,,,,,,,,,,,,,,,,,,,,,,,,,
CPU_CLK_UNHALTED_CORE STAT,FIXC1,10545882500000,174991000000,176140400000,1.757647e+11,,,,,,,,,,,,,,,,,,,,,,,,,,,,,,,,,,,,,,,,,,,,,,,,,,,,,,,,
CPU_CLK_UNHALTED_REF STAT,FIXC2,10212640400000,169345500000,170431500000,1.702107e+11,,,,,,,,,,,,,,,,,,,,,,,,,,,,,,,,,,,,,,,,,,,,,,,,,,,,,,,,
TOPDOWN_SLOTS STAT,FIXC3,63275297000000,1049946000000,1056842000000,1.054588e+12,,,,,,,,,,,,,,,,,,,,,,,,,,,,,,,,,,,,,,,,,,,,,,,,,,,,,,,,
L1D_REPLACEMENT STAT,PMC0,1738139790000,26980270000,33437330000,28968996500,,,,,,,,,,,,,,,,,,,,,,,,,,,,,,,,,,,,,,,,,,,,,,,,,,,,,,,,
L2_LINES_IN_ALL STAT,PMC1,159002156000,2276850000,2888200000,2.650036e+09,,,,,,,,,,,,,,,,,,,,,,,,,,,,,,,,,,,,,,,,,,,,,,,,,,,,,,,,
L2_LINES_OUT_SILENT STAT,PMC2,38066620500,469418700,2392056000,634443675,,,,,,,,,,,,,,,,,,,,,,,,,,,,,,,,,,,,,,,,,,,,,,,,,,,,,,,,
L2_LINES_OUT_NON_SILENT STAT,PMC3,120930876100,451854900,2190306000,2.015515e+09,,,,,,,,,,,,,,,,,,,,,,,,,,,,,,,,,,,,,,,,,,,,,,,,,,,,,,,,
CAS_COUNT_RD STAT,MBOX0C0,9209249000,0,4606880000,1.534875e+08,,,,,,,,,,,,,,,,,,,,,,,,,,,,,,,,,,,,,,,,,,,,,,,,,,,,,,,,
CAS_COUNT_WR STAT,MBOX0C1,11311994000,0,5656321000,1.885332e+08,,,,,,,,,,,,,,,,,,,,,,,,,,,,,,,,,,,,,,,,,,,,,,,,,,,,,,,,
CAS_COUNT_RD STAT,MBOX1C0,9206558000,0,4604969000,1.534426e+08,,,,,,,,,,,,,,,,,,,,,,,,,,,,,,,,,,,,,,,,,,,,,,,,,,,,,,,,
CAS_COUNT_WR STAT,MBOX1C1,11313563000,0,5657250000,1.885594e+08,,,,,,,,,,,,,,,,,,,,,,,,,,,,,,,,,,,,,,,,,,,,,,,,,,,,,,,,
CAS_COUNT_RD STAT,MBOX2C0,9205460000,0,4602837000,1.534243e+08,,,,,,,,,,,,,,,,,,,,,,,,,,,,,,,,,,,,,,,,,,,,,,,,,,,,,,,,
CAS_COUNT_WR STAT,MBOX2C1,11310237000,0,5655860000,188503950,,,,,,,,,,,,,,,,,,,,,,,,,,,,,,,,,,,,,,,,,,,,,,,,,,,,,,,,
CAS_COUNT_RD STAT,MBOX3C0,9206803000,0,4605025000,1.534467e+08,,,,,,,,,,,,,,,,,,,,,,,,,,,,,,,,,,,,,,,,,,,,,,,,,,,,,,,,
CAS_COUNT_WR STAT,MBOX3C1,11311068000,0,5656103000,188517800,,,,,,,,,,,,,,,,,,,,,,,,,,,,,,,,,,,,,,,,,,,,,,,,,,,,,,,,
CAS_COUNT_RD STAT,MBOX4C0,9210453000,0,4605804000,153507550,,,,,,,,,,,,,,,,,,,,,,,,,,,,,,,,,,,,,,,,,,,,,,,,,,,,,,,,
CAS_COUNT_WR STAT,MBOX4C1,11314822000,0,5658166000,1.885804e+08,,,,,,,,,,,,,,,,,,,,,,,,,,,,,,,,,,,,,,,,,,,,,,,,,,,,,,,,
CAS_COUNT_RD STAT,MBOX5C0,9212540000,0,4607491000,1.535423e+08,,,,,,,,,,,,,,,,,,,,,,,,,,,,,,,,,,,,,,,,,,,,,,,,,,,,,,,,
CAS_COUNT_WR STAT,MBOX5C1,11314774000,0,5658042000,1.885796e+08,,,,,,,,,,,,,,,,,,,,,,,,,,,,,,,,,,,,,,,,,,,,,,,,,,,,,,,,
CAS_COUNT_RD STAT,MBOX6C0,9211427000,0,4607526000,1.535238e+08,,,,,,,,,,,,,,,,,,,,,,,,,,,,,,,,,,,,,,,,,,,,,,,,,,,,,,,,
CAS_COUNT_WR STAT,MBOX6C1,11314831000,0,5658822000,1.885805e+08,,,,,,,,,,,,,,,,,,,,,,,,,,,,,,,,,,,,,,,,,,,,,,,,,,,,,,,,
CAS_COUNT_RD STAT,MBOX7C0,9211632000,0,4606892000,153527200,,,,,,,,,,,,,,,,,,,,,,,,,,,,,,,,,,,,,,,,,,,,,,,,,,,,,,,,
CAS_COUNT_WR STAT,MBOX7C1,11313360000,0,5657939000,188556000,,,,,,,,,,,,,,,,,,,,,,,,,,,,,,,,,,,,,,,,,,,,,,,,,,,,,,,,
CAS_COUNT_RD STAT,MBOX8C0,0,inf,0,0,,,,,,,,,,,,,,,,,,,,,,,,,,,,,,,,,,,,,,,,,,,,,,,,,,,,,,,,
CAS_COUNT_WR STAT,MBOX8C1,0,inf,0,0,,,,,,,,,,,,,,,,,,,,,,,,,,,,,,,,,,,,,,,,,,,,,,,,,,,,,,,,
CAS_COUNT_RD STAT,MBOX9C0,0,inf,0,0,,,,,,,,,,,,,,,,,,,,,,,,,,,,,,,,,,,,,,,,,,,,,,,,,,,,,,,,
CAS_COUNT_WR STAT,MBOX9C1,0,inf,0,0,,,,,,,,,,,,,,,,,,,,,,,,,,,,,,,,,,,,,,,,,,,,,,,,,,,,,,,,
CAS_COUNT_RD STAT,MBOX10C0,0,inf,0,0,,,,,,,,,,,,,,,,,,,,,,,,,,,,,,,,,,,,,,,,,,,,,,,,,,,,,,,,
CAS_COUNT_WR STAT,MBOX10C1,0,inf,0,0,,,,,,,,,,,,,,,,,,,,,,,,,,,,,,,,,,,,,,,,,,,,,,,,,,,,,,,,
CAS_COUNT_RD STAT,MBOX11C0,0,inf,0,0,,,,,,,,,,,,,,,,,,,,,,,,,,,,,,,,,,,,,,,,,,,,,,,,,,,,,,,,
CAS_COUNT_WR STAT,MBOX11C1,0,inf,0,0,,,,,,,,,,,,,,,,,,,,,,,,,,,,,,,,,,,,,,,,,,,,,,,,,,,,,,,,
TABLE,Region calc,Group 1 Metric,CACHES,20,,,,,,,,,,,,,,,,,,,,,,,,,,,,,,,,,,,,,,,,,,,,,,,,,,,,,,,,,
Metric,HWThread 0,HWThread 1,HWThread 2,HWThread 3,HWThread 4,HWThread 5,HWThread 6,HWThread 7,HWThread 8,HWThread 9,HWThread 10,HWThread 11,HWThread 12,HWThread 13,HWThread 14,HWThread 15,HWThread 16,HWThread 17,HWThread 18,HWThread 19,HWThread 20,HWThread 21,HWThread 22,HWThread 23,HWThread 24,HWThread 25,HWThread 26,HWThread 27,HWThread 28,HWThread 29,HWThread 30,HWThread 31,HWThread 32,HWThread 33,HWThread 34,HWThread 35,HWThread 36,HWThread 37,HWThread 38,HWThread 39,HWThread 40,HWThread 41,HWThread 42,HWThread 43,HWThread 44,HWThread 45,HWThread 46,HWThread 47,HWThread 48,HWThread 49,HWThread 50,HWThread 51,HWThread 52,HWThread 53,HWThread 54,HWThread 55,HWThread 56,HWThread 57,HWThread 58,HWThread 59,
Runtime (RDTSC) [s],50.2346,50.2347,50.2349,50.2345,50.2345,50.2345,50.2347,50.2347,50.2347,50.2347,50.2347,50.2347,50.2341,50.2341,50.2341,50.2342,50.2342,50.2344,50.2347,50.2347,50.2347,50.2349,50.2347,50.2347,50.2347,50.2347,50.2347,50.2340,50.2340,50.2339,50.2334,50.2336,50.2336,50.2335,50.2335,50.2335,50.2336,50.2337,50.2337,50.2337,50.2337,50.2337,50.2342,50.2341,50.2342,50.2334,50.2335,50.2335,50.2335,50.2335,50.2335,50.2338,50.2338,50.2339,50.2339,50.2341,50.2339,50.2337,50.2338,50.2337,
Runtime unhalted [s],51.6838,51.5905,51.5719,51.7297,51.6019,51.6109,51.7274,51.7002,51.7163,51.7398,51.7134,51.7051,51.7366,51.7303,51.7312,51.7330,51.6203,51.6123,51.7365,51.5640,51.5834,51.7326,51.5433,51.6879,51.7385,51.7298,51.7220,51.7359,51.6977,51.7010,51.7837,51.7439,51.7684,51.8064,51.6449,51.6760,51.7989,51.6325,51.5511,51.7998,51.7695,51.7633,51.7875,51.4684,51.6773,51.7793,51.7093,51.6771,51.8002,51.6447,51.7684,51.7708,51.5747,51.5908,51.8033,51.7782,51.7780,51.8000,51.5842,51.5982,
Clock [MHz],3508.7050,3507.7667,3507.7138,3508.9389,3508.0289,3508.2816,3508.6167,3508.3048,3509.5759,3509.4030,3509.1042,3508.6278,3509.3254,3509.3393,3509.4979,3509.0532,3508.2694,3507.7012,3509.4761,3508.4328,3508.7087,3508.8504,3498.7619,3509.0423,3509.2596,3509.3136,3508.6817,3509.5021,3509.1302,3509.4547,3513.8122,3513.4837,3513.5871,3514.2328,3513.0346,3513.3362,3513.8065,3512.9469,3511.8869,3513.5386,3513.4092,3512.8354,3513.7643,3513.3171,3513.5914,3512.3131,3512.3338,3513.8234,3513.7212,3513.5994,3513.8820,3514.2893,3511.7078,3513.1425,3513.9472,3513.5917,3513.8706,3514.0309,3512.1519,3513.0078,
CPI,1.3999,1.2731,1.1156,1.2939,1.2942,1.2886,1.2926,1.2930,1.2882,1.2893,1.2924,1.2869,1.2923,1.2933,1.2885,1.2936,1.2950,1.2892,1.2886,1.2929,1.2869,1.2835,1.2913,1.2894,1.2937,1.2945,1.2881,1.2953,1.2968,1.2919,1.3995,1.2819,1.1132,1.2920,1.2936,1.2883,1.2914,1.2942,1.2885,1.2930,1.2934,1.2878,1.2426,1.2802,1.2477,1.2801,1.2833,1.2871,1.2711,1.2898,1.2690,1.2928,1.2874,1.2828,1.2927,1.2938,1.2875,1.2947,1.2972,1.2909,
L2D load bandwidth [MBytes/s],42599.9206,34476.3867,34373.2806,37026.6106,37008.5523,36920.1457,36957.3113,36945.2988,36850.1183,36985.7268,37017.1059,36880.8191,36932.0025,36933.9753,36810.7506,36963.8563,36951.9602,36821.1906,36953.5598,36885.0029,36822.4107,37047.4027,36867.5434,36776.2580,37092.7974,36921.6456,36829.3047,36777.5170,36751.9360,36655.4952,42576.5996,34474.4749,34426.4629,36990.0636,36978.4295,36887.8372,36910.3595,36883.1694,36654.9750,37081.7167,37039.3600,36936.0310,36700.4499,36707.0460,36569.0916,36904.6203,36848.4709,36792.3544,36905.3064,36880.7098,36746.2229,36899.2469,36843.1165,36760.6691,37027.6604,36995.5166,36852.2178,36852.2047,36809.0412,36681.5717,
L2D load data volume [GBytes],2139.9891,1731.9123,1726.7373,1860.0122,1859.1046,1854.6643,1856.5376,1855.9360,1851.1565,1857.9680,1859.5443,1852.6950,1855.2448,1855.3446,1849.1546,1856.8486,1856.2522,1849.6915,1856.3514,1852.9082,1849.7613,1861.0707,1852.0307,1847.4458,1863.3459,1854.7482,1850.1094,1847.4803,1846.1971,1841.3485,2138.7674,1731.7766,1729.3645,1858.1389,1857.5552,1853.0048,1854.1421,1852.7770,1841.3139,1862.7507,1860.6234,1855.4342,1843.6166,1843.9443,1837.0176,1853.8464,1851.0266,1848.2080,1853.8816,1852.6464,1845.8899,1853.5898,1850.7686,1846.6310,1860.0442,1858.4365,1851.2314,1851.2211,1849.0573,1842.6496,
L3 load bandwidth [MBytes/s],2901.6748,3624.3680,3679.6114,3361.2044,3411.7546,3387.5212,3354.5572,3402.6609,3381.0055,3353.7429,3397.4456,3375.7582,3351.8695,3397.0786,3372.2922,3361.6805,3396.6762,3379.9505,3351.4344,3392.1036,3373.8057,3357.7391,3382.3287,3380.5081,3346.8543,3391.3864,3388.7912,3343.5166,3371.9218,3352.2427,2900.8269,3623.3769,3679.4689,3352.7715,3387.1797,3382.2332,3363.7780,3409.7736,3364.2455,3356.1388,3408.9817,3388.6694,3338.0217,3384.9142,3359.0580,3348.9462,3393.5748,3370.5801,3350.1641,3396.2408,3373.7666,3349.1069,3377.4545,3366.2113,3357.7433,3390.0860,3389.3732,3350.5642,3379.6757,3357.8887,
L3 load data volume [GBytes],145.7644,182.0692,184.8448,168.8483,171.3876,170.1704,168.5150,170.9316,169.8440,168.4744,170.6698,169.5800,168.3780,170.6492,169.4040,168.8712,170.6293,169.7899,168.3583,170.4014,169.4820,168.6755,169.9103,169.8189,168.1283,170.3653,170.2349,167.9581,169.3852,168.3962,145.7184,182.0152,184.8329,168.4213,170.1498,169.9014,168.9748,171.2854,168.9984,168.5912,171.2457,170.2255,167.6828,170.0380,168.7395,168.2291,170.4710,169.3160,168.2904,170.6050,169.4760,168.2384,169.6623,169.0979,168.6726,170.2979,170.2615,168.3111,169.7739,168.6790,
L3 evict bandwidth [MBytes/s],935.1568,579.7615,2643.7464,2681.3181,2612.8308,2754.5421,2681.7544,2608.7529,2745.5098,2723.9966,2654.8441,2772.1245,2704.1612,2644.4194,2759.6839,2709.6660,2627.2549,2734.0445,2728.0541,2647.1694,2767.0495,2738.2552,2610.9152,2720.4937,2731.4443,2604.8832,2774.5227,2716.1915,2646.9589,2724.8799,936.1627,575.6848,2641.7847,2753.7075,2637.6608,2770.7272,2647.5665,2686.8366,2734.0833,2716.0174,2636.4017,2790.5475,2673.2554,2616.5369,2733.2999,2708.0206,2638.5417,2751.6654,2695.5924,2639.9260,2757.1271,2736.1651,2639.5923,2738.2393,2752.4419,2623.9718,2762.6528,2712.7219,2653.4151,2725.4306,
L3 evict data volume [GBytes],46.9772,29.1242,132.8083,134.6946,131.2541,138.3730,134.7170,131.0499,137.9200,136.8392,133.3654,139.2567,135.8410,132.8400,138.6302,136.1178,131.9780,137.3432,137.0430,132.9798,139.0018,137.5558,131.1586,136.6633,137.2133,130.8556,139.3773,136.4451,132.9674,136.8813,47.0266,28.9187,132.7063,138.3283,132.4989,139.1833,132.9969,134.9697,137.3430,136.4355,132.4362,140.1796,134.2888,131.4393,137.3050,136.0332,132.5431,138.2257,135.4090,132.6127,138.5000,137.4480,132.5967,137.5524,138.2659,131.8129,138.7789,136.2700,133.2911,136.9084,
Dropped CLs bandwidth [MBytes/s],1966.4427,3044.5582,1035.8091,679.7797,798.8762,632.9420,672.6751,793.8118,635.4154,629.6273,742.5152,603.5602,647.5785,752.5605,612.5229,651.8981,769.3603,645.8577,623.2503,744.8625,606.7035,619.3696,771.3232,659.9332,615.2892,786.4140,614.1909,627.1753,724.8487,627.2639,1964.5664,3047.5939,1037.5881,598.9321,749.4541,611.4475,716.0715,722.8637,630.0765,640.0120,772.5070,598.0604,664.6454,768.0550,625.6341,640.7978,754.9449,618.7832,654.4479,756.1324,616.5601,612.7681,737.7756,627.9174,605.1769,766.0250,626.6431,637.7026,726.1970,632.4058,
Dropped CLs data volume [GBytes],98.7834,152.9426,52.0337,34.1484,40.1311,31.7955,33.7916,39.8769,31.9199,31.6292,37.3001,30.3196,32.5305,37.8042,30.7695,32.7476,38.6482,32.4443,31.3088,37.4180,30.4775,31.1139,38.7472,33.1516,30.9089,39.5053,30.8537,31.5055,36.4121,31.5099,98.6868,153.0916,52.1218,30.0864,37.6477,30.7151,35.9709,36.3121,31.6511,32.1502,38.8059,30.0428,33.3879,38.5825,31.4282,32.1895,37.9235,31.0836,32.8752,37.9832,30.9719,30.7817,37.0612,31.5427,30.4004,38.4806,31.4787,32.0341,36.4796,31.7681,
L3 bandwidth [MBytes/s],3836.8316,4204.1295,6323.3578,6042.5224,6024.5854,6142.0634,6036.3116,6011.4138,6126.5154,6077.7394,6052.2896,6147.8827,6056.0307,6041.4980,6131.9761,6071.3466,6023.9311,6113.9950,6079.4885,6039.2730,6140.8553,6095.9943,5993.2439,6101.0018,6078.2986,5996.2696,6163.3139,6059.7081,6018.8807,6077.1226,3836.9897,4199.0617,6321.2536,6106.4790,6024.8405,6152.9603,6011.3445,6096.6102,6098.3289,6072.1561,6045.3834,6179.2170,6011.2772,6001.4510,6092.3579,6056.9667,6032.1165,6122.2455,6045.7565,6036.1668,6130.8936,6085.2721,6017.0468,6104.4506,6110.1853,6014.0579,6152.0260,6063.2862,6033.0909,6083.3193,
L3 data volume [GBytes],192.7416,211.1934,317.6531,303.5429,302.6418,308.5434,303.2320,301.9816,307.7640,305.3136,304.0351,308.8367,304.2191,303.4892,308.0342,304.9891,302.6074,307.1331,305.4013,303.3812,308.4838,306.2314,301.0689,306.4822,305.3416,301.2209,309.6123,304.4031,302.3525,305.2776,192.7450,210.9339,317.5392,306.7496,302.6487,309.0847,301.9718,306.2551,306.3414,305.0267,303.6819,310.4051,301.9715,301.4773,306.0445,304.2623,303.0141,307.5417,303.6993,303.2177,307.9760,305.6864,302.2589,306.6502,306.9385,302.1108,309.0404,304.5811,303.0650,305.5874,
Memory read bandwidth [MBytes/s],46918.3253,0,0,0,0,0,0,0,0,0,0,0,0,0,0,0,0,0,0,0,0,0,0,0,0,0,0,0,0,0,46945.2882,0,0,0,0,0,0,0,0,0,0,0,0,0,0,0,0,0,0,0,0,0,0,0,0,0,0,0,0,0,
Memory read data volume [GBytes],2356.9224,0,0,0,0,0,0,0,0,0,0,0,0,0,0,0,0,0,0,0,0,0,0,0,0,0,0,0,0,0,2358.2214,0,0,0,0,0,0,0,0,0,0,0,0,0,0,0,0,0,0,0,0,0,0,0,0,0,0,0,0,0,
Memory write bandwidth [MBytes/s],57657.5017,0,0,0,0,0,0,0,0,0,0,0,0,0,0,0,0,0,0,0,0,0,0,0,0,0,0,0,0,0,57648.8383,0,0,0,0,0,0,0,0,0,0,0,0,0,0,0,0,0,0,0,0,0,0,0,0,0,0,0,0,0,
Memory write data volume [GBytes],2896.4004,0,0,0,0,0,0,0,0,0,0,0,0,0,0,0,0,0,0,0,0,0,0,0,0,0,0,0,0,0,2895.8972,0,0,0,0,0,0,0,0,0,0,0,0,0,0,0,0,0,0,0,0,0,0,0,0,0,0,0,0,0,
Memory bandwidth [MBytes/s],104575.8271,0,0,0,0,0,0,0,0,0,0,0,0,0,0,0,0,0,0,0,0,0,0,0,0,0,0,0,0,0,104594.1265,0,0,0,0,0,0,0,0,0,0,0,0,0,0,0,0,0,0,0,0,0,0,0,0,0,0,0,0,0,
Memory data volume [GBytes],5253.3228,0,0,0,0,0,0,0,0,0,0,0,0,0,0,0,0,0,0,0,0,0,0,0,0,0,0,0,0,0,5254.1186,0,0,0,0,0,0,0,0,0,0,0,0,0,0,0,0,0,0,0,0,0,0,0,0,0,0,0,0,0,
TABLE,Region calc,Group 1 Metric STAT,CACHES,20,,,,,,,,,,,,,,,,,,,,,,,,,,,,,,,,,,,,,,,,,,,,,,,,,,,,,,,,,
Metric,Sum,Min,Max,Avg,,,,,,,,,,,,,,,,,,,,,,,,,,,,,,,,,,,,,,,,,,,,,,,,,,,,,,,,,
Runtime (RDTSC) [s] STAT,3014.0466,50.2334,50.2349,50.2341,,,,,,,,,,,,,,,,,,,,,,,,,,,,,,,,,,,,,,,,,,,,,,,,,,,,,,,,,
Runtime unhalted [s] STAT,3101.7560,51.4684,51.8064,51.6959,,,,,,,,,,,,,,,,,,,,,,,,,,,,,,,,,,,,,,,,,,,,,,,,,,,,,,,,,
Clock [MHz] STAT,210654.8633,3498.7619,3514.2893,3510.9144,,,,,,,,,,,,,,,,,,,,,,,,,,,,,,,,,,,,,,,,,,,,,,,,,,,,,,,,,
CPI STAT,77.1400,1.1132,1.3999,1.2857,,,,,,,,,,,,,,,,,,,,,,,,,,,,,,,,,,,,,,,,,,,,,,,,,,,,,,,,,
L2D load bandwidth [MBytes/s] STAT,2.214451e+06,34373.2806,42599.9206,36907.5147,,,,,,,,,,,,,,,,,,,,,,,,,,,,,,,,,,,,,,,,,,,,,,,,,,,,,,,,,
L2D load data volume [GBytes] STAT,111240.9466,1726.7373,2139.9891,1854.0158,,,,,,,,,,,,,,,,,,,,,,,,,,,,,,,,,,,,,,,,,,,,,,,,,,,,,,,,,
L3 load bandwidth [MBytes/s] STAT,202574.2992,2900.8269,3679.6114,3376.2383,,,,,,,,,,,,,,,,,,,,,,,,,,,,,,,,,,,,,,,,,,,,,,,,,,,,,,,,,
L3 load data volume [GBytes] STAT,10176.1379,145.7184,184.8448,169.6023,,,,,,,,,,,,,,,,,,,,,,,,,,,,,,,,,,,,,,,,,,,,,,,,,,,,,,,,,
L3 evict bandwidth [MBytes/s] STAT,154070.1624,575.6848,2790.5475,2567.8360,,,,,,,,,,,,,,,,,,,,,,,,,,,,,,,,,,,,,,,,,,,,,,,,,,,,,,,,,
L3 evict data volume [GBytes] STAT,7739.5762,28.9187,140.1796,128.9929,,,,,,,,,,,,,,,,,,,,,,,,,,,,,,,,,,,,,,,,,,,,,,,,,,,,,,,,,
Dropped CLs bandwidth [MBytes/s] STAT,48498.2007,598.0604,3047.5939,808.3033,,,,,,,,,,,,,,,,,,,,,,,,,,,,,,,,,,,,,,,,,,,,,,,,,,,,,,,,,
Dropped CLs data volume [GBytes] STAT,2436.2637,30.0428,153.0916,40.6044,,,,,,,,,,,,,,,,,,,,,,,,,,,,,,,,,,,,,,,,,,,,,,,,,,,,,,,,,
L3 bandwidth [MBytes/s] STAT,356644.4621,3836.8316,6323.3578,5944.0744,,,,,,,,,,,,,,,,,,,,,,,,,,,,,,,,,,,,,,,,,,,,,,,,,,,,,,,,,
L3 data volume [GBytes] STAT,17915.7143,192.7416,317.6531,298.5952,,,,,,,,,,,,,,,,,,,,,,,,,,,,,,,,,,,,,,,,,,,,,,,,,,,,,,,,,
Memory read bandwidth [MBytes/s] STAT,93863.6135,0,46945.2882,1564.3936,,,,,,,,,,,,,,,,,,,,,,,,,,,,,,,,,,,,,,,,,,,,,,,,,,,,,,,,,
Memory read data volume [GBytes] STAT,4715.1438,0,2358.2214,78.5857,,,,,,,,,,,,,,,,,,,,,,,,,,,,,,,,,,,,,,,,,,,,,,,,,,,,,,,,,
Memory write bandwidth [MBytes/s] STAT,115306.3400,0,57657.5017,1921.7723,,,,,,,,,,,,,,,,,,,,,,,,,,,,,,,,,,,,,,,,,,,,,,,,,,,,,,,,,
Memory write data volume [GBytes] STAT,5792.2976,0,2896.4004,96.5383,,,,,,,,,,,,,,,,,,,,,,,,,,,,,,,,,,,,,,,,,,,,,,,,,,,,,,,,,
Memory bandwidth [MBytes/s] STAT,209169.9536,0,104594.1265,3486.1659,,,,,,,,,,,,,,,,,,,,,,,,,,,,,,,,,,,,,,,,,,,,,,,,,,,,,,,,,
Memory data volume [GBytes] STAT,10507.4414,0,5254.1186,175.1240,,,,,,,,,,,,,,,,,,,,,,,,,,,,,,,,,,,,,,,,,,,,,,,,,,,,,,,,,
